{"i87BAPxKPYCEMZicox5tHg==":"unimas%20logo-122x92.jpg","Y65aQQn5FWuxHRyVG382yA==":"16-14-56-unimas-logo-122x122.png","2qAQPunZnqEl2LfclSQIpQ==":"whatsapp%20image%202019-02-06%20at%2011.58.45%20pm-122x122.jpg","QSZyL0E/y/M58NWSv54sgQ==":"whatsapp%20image%202019-02-06%20at%2011.58.45%20pm-1080x1080.jpg","b2lERrlQUY3tRJs6i5DgUg==":"img_20180314-120405-122x163.jpg","2j2iuCJsBKn00n6jq15IqQ==":"c45087e767a0291f445df98384c904f5-1856x1161.jpg","eOjpAKq+1r7jpvM5rKoniw==":"whatsapp%20image%202019-02-06%20at%2011.58.45%20pm-436x436.jpg","m1xBeNzsabZrezEyQOUn0Q==":"8558679570aedc2-650x293.jpg","g5bLrc67tKYAGcgeax3mrg==":"turquoise-wallpaper-10-1024x768.jpg","G1rISx5UxxGrz9aNY+FvxQ==":"turquoise-desktop-wallpaper-resume-wallpapers-designs-group-40-2000x1250.jpg","ix5DePFTGNNtvzFcPE73lA==":"a6f8dc878d82cec76f87e291537957ca-640x1136.jpg","w0cBHwn0ItxPTIUq7tjB7g==":"background-1574176_960-720-960x427.jpg","esG8C8H6R5D/79iQw/oSRQ==":"whatsapp%20image%202019-02-06%20at%2011.58.45%20pm-1014x1014.jpg","Kn5wIurQEe357ss4LeSujQ==":"female-icon-225x224.png","wb4HiCxpcWdMvKhKIFcPqA==":"phone_icon_white-240x240.png","T4sCYCm1Ko3tli8UApKOnw==":"address-icon-19-240x240.png","RVQGhCAiBnRG71S/BVyd6A==":"education-icon-white-png-8-240x240.png","hEDf502TFcGnYWnp6YVeGA==":"skills-icon-(white)-240x235.png","cZCHa1Sr6B92wjeEGehLxA==":"img_20181018-95857-1024x1365.jpg","+ezT8HAUg8DL2ukzgbj3Gw==":"img-20180901-wa0190-1024x768.jpg","nXhxjWty7yWXPwzEwztdMg==":"img-20180902-wa0005-1024x768.jpg","VxEq4uUfLSbBNJyFQJlDPA==":"img-20180901-wa0197-1024x768.jpg","+Pd6RwpOtLUN7nOdNEhotA==":"img-20180901-wa0189-1024x768.jpg","fGPR15cKBE4xZ9UXlvcw9A==":"img-20180615-wa0024-1080x900.jpg","T37lYWldMWkpMntn3TePWQ==":"img-20180909-wa0020-1024x768.jpg","G+C5oiQqVL/4J/v27ZQeQg==":"img-8260-2000x1333.jpg","wu/LUzLMwrzPD6iTbkGz9A==":"img-3543-2000x1333.jpg","prSXjI6/VZv4a9vrliEc/A==":"img-20160706-wa0020-773x587.jpg","sH4YApdjP9wrqUpFga9yXw==":"41273898_1904854772928751_6313424633164988416_n-960x960.jpg","rQwgBbt/uqwSnr1JXLM94A==":"fb_img-1476463791599-1080x720.jpg","a+r8v8yqiVPjw+4Wk6hDZA==":"img-20161002-wa0007-1152x864.jpg","fBZisRmqruL+I1pEi5wZeQ==":"img-20161003-wa0001-1280x960.jpg","e5gH5uhaQy/H+UAGkBlD2w==":"fb_img-1476463785826-1080x720.jpg","HWwg2x7QW4r8yOC9Sdyuuw==":"img-20161003-wa0009-1032x581.jpg","FGnlmaYPIK7DqbxVRs6qwA==":"img-27-2000x1333.jpg","DU+xXHD1vqwm16wsA3HpyQ==":"img-568-2000x1333.jpg","bpxFnjWhxibvk6ne4R6wwg==":"dsc-619-2000x1333.jpg","SOdrJ9cVprDmULZS+jqPiw==":"dsc-622-2000x1333.jpg","O1vDC+Ieb0Vyh8dyAeTVaw==":"img-355-2000x1333.jpg","jlEwF16GneGt6zqv9nCapQ==":"img-582-2000x1333.jpg","+57hp+45QR2Z6WZB0Kqc1g==":"img-665-2000x1333.jpg","hYNBPJ1f4EFyQyVNl6Otkw==":"img-484-2000x1333.jpg","Jo3pbMIPYSlU/xDOWWeQ2Q==":"img-589-2000x1333.jpg","VrEQfGPFJkLMAGX38q9a6w==":"whatsapp%20image%202019-05-03%20at%2011.45.03%20pm-1024x768.jpg","tx/szQk1/Ux433Gmr62AmQ==":"whatsapp%20image%202019-05-03%20at%2011.42.42%20pm-1080x810.jpg","H7LNDVqoEc7CK6RWH9hfCA==":"whatsapp%20image%202019-05-03%20at%2011.45.04%20pm-1080x810.jpg","CWXK0YYM+NNQuWBxFBRpMw==":"whatsapp%20image%202019-05-03%20at%2011.41.54%20pm-1008x490.jpg","4D3vceaynSAAnAb2ghuz6A==":"whatsapp%20image%202019-05-03%20at%2011.45.02%20pm-1080x810.jpg","HMlb69RaGce/0de+hyN5AA==":"whatsapp%20image%202019-05-03%20at%2011.45.01%20pm-1080x810.jpg","UUrAL4kZDlYRRC0WTibHEw==":"whatsapp%20image%202019-05-04%20at%2012.10.00%20am-1040x780.jpg","c3cCGdttPuyz8LoXouofEg==":"whatsapp%20image%202019-05-04%20at%2012.11.30%20am-1080x810.jpg","b18OrF0xA03h+7PB/sQi4w==":"img-8259-2000x1333.jpg","ztgkSnJva6uN/Rpz2aMhzw==":"img_20180902-95451-2000x1500.jpg","3caHPCVslix/ZMzKD65J9A==":"whatsapp%20image%202019-05-04%20at%2012.00.55%20am%20(3)-1008x756.jpg","SBsK2EFvcJYfG1waSLS7zQ==":"whatsapp%20image%202019-05-04%20at%2012.00.55%20am%20(1)-1008x756.jpg","joyw3+Tg9wp0NGVrHMcgug==":"whatsapp%20image%202019-05-04%20at%2012.00.55%20am-756x1008.jpg","iAGga7fxszLRonbmNZxztA==":"whatsapp%20image%202019-05-04%20at%2012.00.55%20am%20(2)-756x1008.jpg","mZriF6WfuMdlSq90QRVC1w==":"whatsapp%20image%202019-05-03%20at%2011.57.25%20pm-801x537.jpg","/zgRZ8Xs1is9jsjFV8e/YQ==":"whatsapp%20image%202019-05-03%20at%2011.58.12%20pm-804x539.jpg","x+/9+lZItoPaOvIp/M7lQg==":"whatsapp%20image%202019-05-03%20at%2011.57.50%20pm-719x960.jpg","utTGY33TG9ckfqwty/Iexg==":"whatsapp%20image%202019-05-04%20at%2012.02.12%20am-540x960.jpg","11FW/r23CBZ6DBFACS0hzw==":"wa-537x675.jpg","H4dEoUFBMnPTE7M5HQHgWw==":"whatsapp%20image%202019-05-04%20at%2012.00.55%20am-756x1008.jpg","P+G06EIi4gPeh1DWree4/A==":"whatsapp%20image%202019-05-04%20at%2012.00.55%20am-756x1008.jpg","kS3lk8LegJjTGKHQxHW/Mw==":"whatsapp%20image%202019-05-04%20at%2012.02.11%20am%20(1)-1080x651.jpg","GkfI2CIHqjrcjj61chT4Xw==":"whatsapp%20image%202019-05-04%20at%2012.02.12%20am%20(1)-1080x630.jpg","syjVx5zlhj+91+TYqNMlXw==":"whatsapp%20image%202019-05-04%20at%2012.02.11%20am-1008x756.jpg","RlYZ/79+SxLWRyQmmEV/hw==":"whatsapp%20image%202019-05-04%20at%2012.35.26%20am%20(1)-1040x780.jpg","O3x86gMBqkSF7NqbrGPDnA==":"whatsapp%20image%202019-05-04%20at%2012.35.26%20am%20(6)-1080x607.jpg","lC84Cg4wkIcsXcXxWA2dng==":"whatsapp%20image%202019-05-04%20at%2012.35.26%20am%20(10)-1080x607.jpg","NUGs1Yq/N3wPyYJ9ecMjZg==":"whatsapp%20image%202019-05-04%20at%2012.35.26%20am%20(11)-756x1008.jpg","E8TrmsDTSbEiAb6NBebk1g==":"whatsapp%20image%202019-05-04%20at%2012.35.26%20am%20(11)-756x1008.jpg","0hIRWasF0VN605u53rW/jw==":"whatsapp%20image%202019-05-04%20at%2012.35.26%20am%20(7)-1080x607.jpg","Uzk96GMyDjBCv9K6gWAxaA==":"whatsapp%20image%202019-05-04%20at%2012.35.26%20am%20(11)-756x1008.jpg","gZj5qmGD1VYfiaxeX5YcrA==":"whatsapp%20image%202019-05-04%20at%2012.35.26%20am%20(3)-1040x780.jpg","b1YYoohAbw9jXZKqYWQUpA==":"whatsapp%20image%202019-05-04%20at%2012.35.26%20am%20(11)-756x1008.jpg","mhO/OGmk241ZOX8kCO2l4w==":"whatsapp%20image%202019-05-04%20at%2012.37.37%20am%20(3)-768x1024.jpg","ChTefuBPqrKfliJ8MS8vMw==":"whatsapp%20image%202019-05-04%20at%2012.37.38%20am%20(2)-809x1080.jpg","PkF2LP+DewoqhEWpxe4KWQ==":"whatsapp%20image%202019-05-04%20at%2012.37.37%20am%20(2)-809x1080.jpg","uXMhvLeQHEVUrL93UFzBPQ==":"whatsapp%20image%202019-05-04%20at%2012.37.38%20am%20(4)-1008x1008.jpg","xTO+b2QEf/ICKTPVGBZWCw==":"whatsapp%20image%202019-05-04%20at%2012.37.37%20am%20(1)-1000x750.jpg","lTSF/qL/U+/Tz1EhzkEc5g==":"whatsapp%20image%202019-05-04%20at%2012.37.38%20am%20(6)-1080x809.jpg","JsK0MRE58WsFvoSN7Kd5mg==":"whatsapp%20image%202019-05-04%20at%2012.37.39%20am-1080x607.jpg","X/TsUnb9jXN68iPYedrGMQ==":"whatsapp%20image%202019-05-04%20at%2012.37.38%20am-607x1080.jpg","mVaBrOYFJ7UhW51828wW4A==":"whatsapp%20image%202019-05-04%20at%2012.37.38%20am-607x1080.jpg","GtCA5/G/zKJGeSGsKeudSQ==":"whatsapp%20image%202019-05-04%20at%2012.35.26%20am-1008x756.jpg","90uWNZQ9lL9CVyTDZyzlcA==":"whatsapp%20image%202019-05-04%20at%2012.35.26%20am%20(9)-1008x756.jpg","k01oUEoW9F2w37iTbxVuJg==":"whatsapp%20image%202019-05-04%20at%2012.35.26%20am%20(5)-1008x756.jpg","wrOkhnbj9ENnQ+zQbIAbEg==":"whatsapp%20image%202019-05-04%20at%2012.35.26%20am%20(2)-1080x607.jpg","tWfs8oYl9H6hpcZotZkE3Q==":"whatsapp%20image%202019-05-04%20at%2012.35.26%20am%20(4)-756x1008.jpg","j+bibR6oB+TtLdnhZXICJA==":"whatsapp%20image%202019-05-04%20at%2012.35.26%20am%20(4)-756x1008.jpg","Ebtt0cBJR2tm7Cds7cM9dQ==":"whatsapp%20image%202019-05-03%20at%2011.58.33%20pm-960x557.jpg","PMu4LV2/5CB4lRLy0ovgww==":"whatsapp%20image%202019-05-04%20at%2012.02.11%20am-1008x756.jpg","WtOjArUZF35rrdmxfUT9EQ==":"whatsapp%20image%202019-05-04%20at%201.47.45%20am%20(4)-1080x720.jpg","UhpXoWwgdTLRUU4TRFtf/g==":"whatsapp%20image%202019-05-04%20at%201.47.45%20am%20(2)-1080x720.jpg","vepNEhbur+5gfR9nEKq4nA==":"whatsapp%20image%202019-05-04%20at%201.47.45%20am-1080x720.jpg","fYgxtAZLmEwUAwPWb5JGhQ==":"whatsapp%20image%202019-05-04%20at%2012.00.55%20am%20(1)-1008x756.jpg","ZhLWt3xrjrShbka7c9JsFA==":"whatsapp%20image%202019-05-04%20at%201.47.45%20am-1080x720.jpg","QVJL9eFhIVgsEpn+k/7Vtg==":"whatsapp%20image%202019-05-04%20at%201.47.45%20am%20(4)-1080x720.jpg","yJfr2Bt8nV7IRrXyGEEuVA==":"whatsapp%20image%202019-05-04%20at%201.47.45%20am%20(2)-1080x720.jpg","4es8cErQgtiUin5DBfwAtA==":"whatsapp%20image%202019-05-04%20at%201.47.45%20am%20(1)-1080x731.jpg","pbuN3EBANbmg3IjAp8TZKA==":"whatsapp%20image%202019-05-04%20at%201.55.51%20am-1080x720.jpg","IXRY1KdcpEtW9b2ntu/dXQ==":"whatsapp%20image%202019-05-04%20at%201.47.45%20am%20(1)-1080x731.jpg","R/9Nvfn2tsSPU3UDj1DV6w==":"whatsapp%20image%202019-05-04%20at%2012.02.11%20am-1008x756.jpg","ZgAtaQfFUAi6lMCeG+iOOQ==":"whatsapp%20image%202019-05-04%20at%2012.02.11%20am-1008x756.jpg","25nc+VmCcYJlnpRgYDlbiQ==":"whatsapp%20image%202019-05-04%20at%2012.02.11%20am-1008x756.jpg","5z+wVyWE8L/5QRYH9t452w==":"whatsapp%20image%202019-05-04%20at%201.47.45%20am%20(2)-1080x720.jpg","jS961NrO5EuRul7FPhYB9w==":"whatsapp%20image%202019-05-04%20at%201.47.45%20am-1080x720.jpg","b4s+VGxMpcoTCuEwbrnITA==":"whatsapp%20image%202019-05-04%20at%201.47.45%20am%20(4)-1080x720.jpg","Xs7m0WUZAb0ljxR7nMQAig==":"41273898_1904854772928751_6313424633164988416_n-1-960x960.jpg","MEFPKjHdRaXWVoYrPPEvCw==":"christmiss-star-white-png-1-20c6561f2f1d6a1223c7fa1bdab4c4a8-900x900.png"}